pattern,frequency
python_type_hints,77
generic_loop_optimization,3166
generic_single_responsibility,4536
generic_constant_extraction,2511
js_class_syntax,183
js_template_literals,227
generic_guard_clause,2451
js_arrow_function,526
generic_null_check,271
go_make_map,294
generic_factory_pattern,970
go_defer,82
go_make_slice,845
go_error_handling,83
go_range_loop,332
python_generator_expression,102
python_comprehension,145
python_enumerate,65
generic_early_return,1851
js_map_filter_reduce,382
generic_memoization,62
python_list_comprehension,39
java_lambda,54
cpp_auto_keyword,87
go_short_declaration,347
js_optional_chaining,95
js_rest_parameters,317
js_spread_operator,379
js_destructuring,213
java_streams,50
cpp_range_based_for,304
cpp_constexpr,103
python_f_string,59
cpp_lambda,35
cpp_nullptr,11
go_blank_identifier,30
java_method_reference,34
python_any_all,18
python_decorators,3
generic_error_handling_improvement,13
cpp_structured_binding,1
go_method_set,133
go_goroutine,9
cpp_uniform_init,75
python_lambda,16
js_nullish_coalescing,60
cpp_move_semantics,21
js_modules,12
java_var_keyword,14
python_dict_comprehension,20
go_channels,2
cpp_final,2
go_select_statement,5
go_interface_assertion,3
java_switch_expression,3
python_unpacking,3
cpp_smart_pointers,2
python_zip,8
